,date,000001,000002,000004,000005,000008,000009,000010,000011,000012,000014
0,2018-01-29,0.3758590296158219,0.5981919840124456,0.3395652254340584,0.5578467454498031,1.2807347143172407,0.5327973254750772,0.6951474460034935,0.8529405070055384,1.2746029065609092,0.33445098385265476
1,2018-01-30,-0.0800568124138897,0.11180273996878155,-0.036963302971460485,-0.05311122501757981,0.09086969917689433,-0.0953702803389174,-0.025151917223430825,-0.027001721818999437,0.039828867931494316,0.1535909380046185
2,2018-01-31,-0.022212870974088854,0.1534125267473866,-0.14970403912914387,-0.07129977914166263,0.09420544992812131,-0.14457553719567076,-0.09006909926789894,-0.06263968190938604,-0.0009548485978802222,0.09261653255942363
3,2018-02-01,-0.013628504945476468,0.11965950455151488,-0.14301367081157382,-0.11448055553079216,0.07933957627030469,-0.22211245812940159,-0.17540986342499348,-0.10358827992195715,-0.02471696189535726,-0.00619164565672284
4,2018-02-02,-0.020689174458079287,0.08046923661705643,-0.13709617511946762,-0.1200546396466338,0.008515617504501319,-0.20457736618598346,-0.1854262263460341,-0.1456479784309223,-0.012784043384664028,-0.11697681963985433
5,2018-02-05,0.026353805398063562,0.059872074094296235,-0.12123899681785373,-0.10763748055396552,-0.005889942096619902,-0.20297633538956195,-0.29546416536657744,-0.13493398694130082,-0.03519709140890174,-0.20038495919630334
6,2018-02-06,-0.0234971931281545,0.025153228279309377,-0.1302355396555511,-0.13352914124832435,-0.03319427224531242,-0.28089064459873736,-0.33925762698729767,-0.16133657558312664,-0.11092623453853828,-0.26071134385441347
7,2018-02-07,-0.10717474680725028,-0.0223730207955311,-0.10488709239663527,-0.11514197480914029,-0.029826767172412408,-0.2634824400119712,-0.3028539041479522,-0.14009951762383335,-0.09050068480967655,-0.24897954663387378
8,2018-02-08,-0.12494836582900262,-0.015719831495407448,-0.09353872572035986,-0.10477889770610682,-0.04206209619651455,-0.17423682613506264,-0.2879674092957834,-0.1333476912427925,-0.10142385536540227,-0.22356113084027862
9,2018-02-09,-0.1830077318852909,-0.058280497557606205,-0.08662395175067836,-0.10631905546707242,-0.06355323774463442,-0.2030687782138043,-0.33920441534205426,-0.193782268978347,-0.12889348316648,-0.328861187083951
10,2018-02-12,-0.2035945788001671,-0.07690796924357268,-0.03748416804191377,-0.06098471643975787,-0.03582543270358933,-0.15720569513991114,-0.24798218195434893,-0.15324640097792408,-0.12198595586927329,-0.2719340212757894
11,2018-02-13,-0.20024150454622136,-0.1733800428309598,-0.06299480297060756,-0.08884341863472245,-0.028519548897673788,-0.18073914290766685,-0.211292027769345,-0.18542751483839187,-0.12701295073768734,-0.32082307058520254
12,2018-02-14,-0.1789154174579261,-0.15106492328330956,-0.04886823811868927,-0.07151457505616007,0.0017592089194712682,-0.1667655857270449,-0.20838616248861597,-0.17701224028149254,-0.11007348996819222,-0.2623250437275568
13,2018-02-22,-0.17934939280388673,-0.13041109888637845,-0.045007717575402534,-0.07403818742863044,0.008899945563000639,-0.15766413392480247,-0.1770977820503711,-0.15108106551568737,-0.127982193981225,-0.2380076111207521
14,2018-02-23,-0.16606571247180038,-0.08606936748913337,-0.04361670925591883,-0.07020302541030193,0.003933941507945259,-0.1457650944673188,-0.16670904122131605,-0.13478285124527412,-0.13319761431275937,-0.21359451956927838
15,2018-02-26,-0.13856756507284226,-0.0854638941526467,-0.03961889441040234,-0.06213870274170705,0.009844640785093207,-0.12661126635175005,-0.11628663410243638,-0.12063459967243069,-0.13283303903806104,-0.1805238862673325
16,2018-02-27,-0.1510885358321708,-0.13020454455138214,-0.03819799493921794,-0.06421424383850666,-0.016936589562858873,-0.13582471572940352,-0.12687989299579674,-0.13236375943561124,-0.14314491035398588,-0.2285235291615812
17,2018-02-28,-0.14380783090034507,-0.12202708242308247,-0.05136067255504955,-0.06996902349548813,-0.03911600568983202,-0.10986692080827172,-0.17106397023115713,-0.11555903903619498,-0.13016373985690755,-0.20209654830519974
18,2018-03-01,-0.13632153392655438,-0.13669573502327875,-0.032725501121058334,-0.06631025903788224,-0.03667673868729842,-0.11170811638350805,-0.17529264654419602,-0.11151322220936069,-0.1161497725050451,-0.17094181097102046
19,2018-03-02,-0.12852477967587775,-0.1369886138708188,-0.010186879718161653,-0.06811138952584832,-0.034938075609369,-0.1173123488529042,-0.11941456130378558,-0.09725663047360947,-0.14146041321423616,-0.14543371745927627
20,2018-03-05,-0.1116336216813867,-0.11935973673916275,-0.011011591722561786,-0.058823498743603625,-0.036338270121283454,-0.10246426827265628,-0.13309009237367855,-0.09685631597340472,-0.11984324805004881,-0.1515337599055638
21,2018-03-06,-0.07793031894975035,-0.020650913037007855,0.0037435301414432444,-0.040469618460564044,-0.03296086191230213,-0.07604398336592513,-0.08398515624006557,-0.013122456656127907,-0.08255102976218152,-0.1255099402156688
22,2018-03-07,-0.10358762592022483,-0.058560676503458656,0.04685222445378018,0.038492947799733834,-0.04590530243034091,-0.042205616840918045,-0.02082320591302719,0.004699844062766951,-0.08859717297154708,-0.06410504436069966
23,2018-03-08,-0.07855647322569226,-0.03305928561191926,0.06410126051652255,0.07583138911193163,-0.040769563541238375,0.03145815585219984,0.07956581358524564,0.031752931985942714,-0.027877911041664195,0.016003471351156245
24,2018-03-09,-0.06268057378306724,0.0047668449848343175,0.07207958757771796,0.05859036748475101,-0.018561762019685256,0.042646676142036606,0.05993680869823975,0.0274314638448084,-0.04367583103572926,0.04230620490948445
25,2018-03-12,-0.1020236032181027,-0.004499388176385302,0.09670354575332282,0.06059677082130671,0.01093328819750742,0.06070453416625973,0.08373946307635852,0.030718272201448564,-0.03730246353119325,0.06445212438894067
26,2018-03-13,-0.06075501580781899,0.039243993668826194,0.18850384957020008,0.09911555500201219,0.0308022057883992,0.19195886375140483,0.213598098666889,0.08199768705546384,0.02917879023811669,0.1694256646856474
27,2018-03-14,-0.025628257158725277,0.07702483376935117,0.1286797463291378,0.09973591669258478,0.041236053000177866,0.16257276269975354,0.13644895441227287,0.06427388880154875,0.02951557153431758,0.1497603705992205
28,2018-03-15,-0.01836841502828783,0.07211434257908712,0.1410988730390619,0.05230162956049332,0.035622784514133365,0.07306571333572183,0.13345740653309285,0.05870475630173634,0.028569547608095085,0.10938499285406234
29,2018-03-16,0.025583336564674406,0.10520384191837745,0.14506348400747346,0.06976972311350388,0.05252132152325516,0.12700231870080175,0.18207650604295053,0.11803957363368099,0.07275804622244236,0.17049425600167684
30,2018-03-19,0.044684629633302095,0.07037389409667516,0.1322979102267766,0.027781219596187123,0.0234380330816837,0.12242352686389603,0.1282867374949084,0.07325793927480746,0.024732875891812847,0.045776371864754806
31,2018-03-20,0.036803671348535294,0.08135950888613397,0.145427210031017,0.04676736383553038,0.012793822701651941,0.15090567142933253,0.12161531298155004,0.05913680752221118,0.005941009016913792,0.05481901560026679
32,2018-03-21,0.018168820329588765,0.0334108766140835,0.13710123707472396,0.014165696382822435,-0.011806629270456157,0.12264781695645229,0.09486562088503443,0.050685351511536886,-0.003890749871695453,0.022014188080216567
33,2018-03-22,-0.03172756499904155,0.014890635153264567,0.13788193232499377,0.01193350565874108,0.03341694115091186,0.09976519575282351,0.05005189409529347,0.039944076566409165,-0.01936037208084076,0.015547258141930611
34,2018-03-23,-0.06569388841221249,-0.03999652995052454,0.122210388992805,-0.054446740088644224,0.028933695366025303,0.008814281390140438,-0.051289121239759664,-0.024965097430067227,-0.08921181063741976,-0.0071120029038324525
35,2018-03-26,-0.10316197746381561,-0.040803512054367025,0.1301470661310173,-0.0556767751445958,0.028329900372610073,-0.00380951554455515,-0.10739791789522601,-0.055194411634779034,-0.0963118508671,-0.02824247124905297
36,2018-03-27,-0.08915591074940449,-0.001300952805894609,0.16760495570255807,-0.03663451914506947,0.03908997461533051,0.02239824544434422,-0.08244866107187211,-0.031348863087960685,-0.06595614762423309,0.02465787156710502
37,2018-03-28,-0.08059218511154263,-0.02043451803220157,0.1445918769231594,0.003090876853242292,0.046150120190728214,-0.004028164773841001,-0.0371521026092,-0.03572287511201427,-0.07487798485573768,-0.008172028713718863
38,2018-03-29,-0.03834655019161205,0.12050560062023694,0.1181785721694274,0.00693213384067733,0.054797138157006015,-0.0033860259511789385,-0.03326225769618369,0.005996033056557298,-0.05991339368190724,0.09661301962215527
39,2018-03-30,-0.034871267721897824,0.11950796189750042,0.1072143272288205,-0.01168924819505943,0.04247157971023455,0.012622445191736205,-0.09376335025147933,-0.03680887304121007,-0.04618747096382812,0.08981845591671632
40,2018-04-02,-0.04311823684655162,0.12670430945266686,0.1108962345275033,-0.015812994455938686,0.03748941432248026,0.021136378386620348,-0.07587131490450463,-0.033237815543033566,-0.04524682876364556,0.14969521321037016
41,2018-04-03,-0.09062561987060166,0.05472415515507026,0.09781149211878881,-0.05337391223994842,0.019786792241230783,0.01598377037492356,-0.11585847405470692,-0.13892185055667572,-0.0796816881968748,0.06187400576979231
42,2018-04-04,-0.0729907459209879,0.032891934652490004,0.11437699292108738,-0.10342326842895502,0.029065349395182044,0.03381541779096412,-0.11307112886718468,-0.12779670795712889,-0.04812295699032784,0.0016519019831173279
43,2018-04-09,-0.0750480657682989,-0.016764955189001125,0.1047599921954376,-0.08365950183992724,0.022587328979593646,0.04085948107389997,-0.10277027556186377,-0.11068225278650945,-0.08361059664322695,0.027135231732150475
44,2018-04-10,-0.04089120651830531,0.002472793479310738,0.0881015629094057,-0.08208278062168654,0.0063051105513797084,0.010146523900059722,-0.11095097021424248,-0.09711055113194349,-0.0688185162637964,0.02060097759629613
45,2018-04-11,-0.0244676059627359,0.015128007987224022,0.06019320675250972,-0.09892737377638466,-0.006869083047820204,-0.012759177364033675,-0.13766544276985254,-0.10745706168776459,-0.07157033091711065,0.015870648719834728
46,2018-04-12,-0.04073556539690226,0.006384102066647582,-0.021025552499564767,-0.09510502486236176,-0.011605463181995818,-0.01823385272762862,-0.17836964552774082,-0.13675382755004914,-0.07705429973563933,-0.015970776204033872
47,2018-04-13,-0.04073118388330836,0.004446195249741047,0.027381529236450076,-0.10154216905714643,-0.020860552576241642,-0.025058264176450608,-0.16594742171132543,-0.12893207646143884,-0.07984010216869736,-0.007118577339905112
48,2018-04-16,-0.055598802510538774,0.0048601903921638295,0.022510825953665537,-0.0906990094141897,-0.0426779718501033,0.016431451718092384,-0.16594742171132543,-0.14228107363725206,-0.10646154329775216,-0.01703872357717104
49,2018-04-17,-0.043393802289503916,0.019024081684665226,0.021011111821367875,-0.09608717274922814,-0.0426779718501033,-0.048150795868278834,-0.2596831914499791,-0.14443952435580257,-0.09988305105111953,-0.046715493020601344
50,2018-04-18,-0.03414357598421372,0.04356371193958934,0.020705604404120774,-0.08399307917914904,-0.0426779718501033,-0.03561375816281628,-0.2543793097962473,-0.12653556021188783,-0.06295678453828757,-0.035102951117726024
51,2018-04-19,-0.038248214403007075,0.047377586055394466,0.008735861787877032,-0.09014147831575783,-0.0426779718501033,-0.05029721682999432,-0.2234916404325765,-0.1300747864442504,-0.03849771810803291,-0.04188506275239216
52,2018-04-20,-0.0395263361874167,0.03663789343727227,0.0126952048685103,-0.09634086317415798,-0.0426779718501033,-0.049551626770636355,-0.23707490977374066,-0.12419148852108053,-0.05701027691332127,-0.05114411271496609
53,2018-04-23,-0.010444635677023539,0.018797391484726783,-0.005344528052072008,-0.10728684413875358,-0.0426779718501033,-0.05903139670252245,-0.24830420513733897,-0.16184837171838434,-0.052575378966005566,-0.10421644025782165
54,2018-04-24,0.02112191729152062,0.03410005427436198,0.014700921678373367,0.0038998849481745815,-0.0426779718501033,0.03511275444851921,-0.23079774301731382,-0.07819161196122204,0.027776084983386202,-0.025143776963350586
55,2018-04-25,0.04107767998798335,0.028577603826674215,-0.022573559099073562,0.009866360996081056,-0.0426779718501033,0.01913764521792502,-0.1553952148156666,-0.07368948378453903,0.02481042582145284,-0.03263477467140093
56,2018-04-26,0.009946540046515663,-0.027302104803056865,-0.06462073448457031,-0.0188250286285628,-0.0426779718501033,-0.027742440320090836,-0.196566220823462,-0.10940259829857359,-0.013719188905764991,-0.09491677509198627
57,2018-04-27,-0.005951748781363044,-0.009107966296986347,-0.07027605557529662,-0.05460162669861775,-0.0426779718501033,-0.02672308047251655,-0.17451718136010438,-0.1179236335850161,-0.0023079048193344054,-0.06983534514203193
58,2018-05-02,-0.023876824847116847,-0.11543433316358157,-0.06960528894662182,-0.03851303164049104,-0.13526646523618366,-0.03923745828649908,-0.171687327968873,-0.1568005100011177,-0.03400925322251271,-0.13427030132515305
59,2018-05-03,-0.021224368109065125,-0.09910649203571938,-0.07750114566316833,-0.026250631637037537,-0.14600925582237656,-0.037231616409471854,-0.1449131034325853,-0.1414366991727639,-0.040389554177182034,-0.08477593717391026
60,2018-05-04,-0.00986256608443124,-0.1105064141752639,-0.06734187390979207,-0.007523043906797956,-0.14774671866716688,-0.03221807028508771,-0.08990362782055966,-0.11332826604707427,-0.05036940569381329,-0.018830974049499797
61,2018-05-07,0.022415496815595785,-0.09275701419373054,-0.029673886986069105,0.038668188546518566,-0.14186078762447119,-0.03580944671922033,-0.008019861712590115,-0.07945631101941619,-0.019152210794852766,0.12377390797863308
62,2018-05-08,0.011754904493396192,-0.050919637664555845,-0.03395116533769535,0.019071493144507623,-0.1350945750067114,-0.029099215860299277,0.04361510046626437,-0.0837386318493335,-0.03428347458111766,0.28491204911441315
63,2018-05-09,0.0007370206197753488,-0.04676642733536423,-0.01701756890373388,0.0014570682786052384,-0.14591015536065238,-0.04904488105175277,-0.04831159097729086,-0.10792248189731041,-0.016063419496529452,0.27792528024333296
64,2018-05-10,-0.026399101438015583,-0.042816081022566746,-0.01634347431328842,0.02987745146800886,-0.14797858798238114,-0.03190829469862665,-0.06445482405624414,-0.051141484556179846,-0.004824213516815744,0.41011152572227927
65,2018-05-11,-0.04575122265425474,-0.051550467185320845,-0.02916388677354729,0.05456092243891115,-0.1612093930847146,-0.02284177028107045,-0.055998106274302586,-0.03569794990488084,-0.016298814359659724,0.26176623689997053
66,2018-05-14,-0.014749730787612023,-0.040549918455250536,-0.02493831807243876,0.07116208979893109,-0.16494441423961148,-0.03092637859266889,-0.0558321721461464,0.0008453099985457795,0.001023408119006336,0.21163759121945774
67,2018-05-15,-0.009659639191494762,-0.03719404573271898,-0.0207339212831279,0.07334171471003857,-0.15234476598977856,-0.000588428773710627,-0.029817395753510514,0.018004521794726405,0.002668877135863019,0.23623996552426396
68,2018-05-16,0.007079674215000314,-0.035124757468328584,-0.000580932563808896,0.09298910060116064,-0.13327344116382506,-0.033188200785521677,0.04301256856860511,0.00895609207975906,0.006854134486752983,0.2351585558052252
69,2018-05-17,-0.009564457031933492,-0.05556006180308655,-0.032724817546959176,0.09955840204853839,-0.12762922229809018,-0.005116128226167071,0.14372612433139265,0.030651365777258237,0.018399398585348756,0.2992359713295114
70,2018-05-18,-0.014863989883523974,-0.03958090267485059,-0.027928149082756704,0.09272731862362057,-0.07703771514630735,0.016767441946943948,0.16491546311886834,0.029088917298171132,0.016264919094255037,0.3035440341897164
71,2018-05-21,-0.010470093125315126,-0.0386701420326403,0.015550278863511492,0.08810945374968335,-0.07560352762761696,0.016670391956512143,0.1327676460526335,0.022989030189426857,0.014503023312957702,0.3352155544597033
72,2018-05-22,-0.013705365610492515,-0.03062043289112873,0.039181356744103,0.11514156811771731,-0.07626735842691115,0.03307041844395396,0.1533895038680881,0.017784984001904057,0.03673775812387191,0.33609386772046884
73,2018-05-23,-0.0310445672618523,-0.00489352233857053,0.02798443437279117,0.1201764310537208,-0.0880502054206006,0.02819384888326839,0.1649441235026128,0.0261054683652494,0.02310077917604806,0.362418318332147
74,2018-05-24,-0.05328838322502464,-0.0049032902184702465,0.08639394204075208,0.08142294024894724,-0.0961286757022104,0.007728015244503115,0.19617732594930531,0.0020240974325309077,-0.004121738783842589,0.3042725884979424
75,2018-05-25,-0.04491782916109836,-0.011533724155507977,0.0700266238986699,0.09475428502439054,-0.0871439120783313,-0.00341929113307169,0.14520189782484075,0.015791374483414385,-0.022424234277846587,0.4558632788490493
76,2018-05-28,-0.021851472311525323,0.017628394032538117,0.08805299337169213,0.10576057408431003,-0.11162155034496157,0.010624381719741689,0.1637191804365119,0.004163107512967529,0.0035922240016537654,0.4015606506875644
77,2018-05-29,0.0016497049998076968,-0.012440362873479924,0.09271777816790794,0.08463420593523055,-0.0638673258694363,0.005184106435175525,0.18918319748625703,-0.008860942857460913,-0.023441223095116415,0.2509157135174928
78,2018-05-30,-0.02546988607716836,-0.01948688411154599,0.10970345096651489,-0.002727881944909763,-0.025375486031134747,-0.026951015587208083,0.12253659356155228,-0.06114501276412253,-0.06175172700328942,0.19798894302033707
79,2018-05-31,-0.016546167260127143,0.025603714335404537,0.10088324595670858,-0.007939114429377864,-0.015291169748716023,-0.016318301500862862,0.09652004917833677,-0.04052672091957654,-0.04293249330520599,0.11224744614195985
80,2018-06-01,-0.018338510102386074,0.01796147060515557,0.06661407324753962,-0.012899503217326642,0.018807747100027552,-0.03693160688338698,-0.05372100235235042,-0.07130486839101113,-0.034574444264543015,-0.028589019526005927
81,2018-06-04,-0.024152611805498395,0.02068478895693205,0.006320741567944085,-0.03706458875503795,0.006515434997498525,-0.050041985781413466,-0.14017977515592245,-0.07178935464897765,-0.04812736921843614,-0.12019144296173626
82,2018-06-05,-0.011084303172958561,0.01158492545218847,0.005132326839985454,-0.016989529988042873,-0.10814440506484672,-0.043920570511877026,-0.12777505046993418,-0.05881069181174986,-0.04973055807882368,-0.1411414520523421
83,2018-06-06,-0.004064855360625327,0.015508552943794954,-0.02689708936979309,-0.020556106977308572,-0.10814440506484672,-0.04045648980505398,-0.03433389501017425,-0.052859125873883084,-0.049154417208181284,-0.17357365621006487
84,2018-06-07,-0.025602795367086865,0.003581499185917169,-0.028271789146641503,-0.042729135915334386,-0.10814440506484672,-0.054018319291816864,-0.025853136850247697,-0.13142462979735506,-0.07740984555152752,-0.23940933509867088
85,2018-06-08,-0.03207011059967532,-0.004106954367525548,-0.022952176406221242,-0.0660759048455267,-0.10814440506484672,-0.08215414720397717,-0.06344180632462265,-0.1518264773376363,-0.09372402593924123,-0.1485364536308978
86,2018-06-11,-0.047324037595145606,-0.002034867726650451,-0.03379239259155066,-0.08325142676946193,-0.10814440506484672,-0.0866910442244231,-0.04787775897146949,-0.1546956248613424,-0.09424853334014904,-0.05061565643167888
87,2018-06-12,-0.044264067106549745,0.012340418297109577,-0.034739314087426615,-0.08472436577794683,-0.10814440506484672,-0.08489436999441063,-0.02882862851123086,-0.1522007902121562,-0.09550363890490227,-0.07439313744858475
88,2018-06-13,-0.04401788579067126,0.0118789628710855,-0.07174664783913418,-0.09982728826799994,-0.10814440506484672,-0.0758560640747133,-0.10439591580172308,-0.14386194842132544,-0.09709907501242221,-0.05895055233232523
89,2018-06-14,-0.03286537284089814,0.030633018907187167,-0.05313768176179068,-0.09930105240139459,-0.10814440506484672,-0.08209377147619788,-0.06276893560295105,-0.13147691636196862,-0.09721645342547974,-0.03812336503089521
90,2018-06-15,-0.06098625169330224,0.037949172548184994,-0.07167089716900145,-0.11545462219783453,-0.10814440506484672,-0.13488006121859875,-0.07590234843014346,-0.14852150446920975,-0.13760999880956865,0.038540196620917413
91,2018-06-19,-0.09432911064229503,0.010472351663979687,-0.12234162057316003,-0.2079139617002953,-0.10814440506484672,-0.2215369038352822,-0.11827868095494229,-0.21355336951969925,-0.2431675655395728,-0.08588214137099538
92,2018-06-20,-0.08674196692830477,0.019230620730489322,-0.13548808437755439,-0.1711028180643505,-0.10814440506484672,-0.22086735230474927,-0.02353104289980218,-0.21246549303513718,-0.2426120513077083,-0.02198627443930961
93,2018-06-21,-0.09049398066782802,0.02660768459205224,-0.1403252926183921,-0.1656004209640075,-0.10814440506484672,-0.2333303679028146,0.029032857285040417,-0.26688139345851436,-0.2342105000427152,-0.00013807466303217275
94,2018-06-22,-0.08631688737249894,0.04198745754141021,-0.16479593376200208,-0.1689100111605694,-0.10814440506484672,-0.20846876473436604,-0.020600461610163393,-0.24580386495490225,-0.21636213839561777,0.026840701506384332
95,2018-06-25,-0.12048077700693904,-0.014293480997876803,-0.1582925040043609,-0.18872129613569763,-0.10814440506484672,-0.1995090788078515,0.01662932625243522,-0.24795658333449352,-0.19709372890100063,-0.11385154553801627
96,2018-06-26,-0.10422497032950093,-0.024493767466627077,-0.1549960652101506,-0.16570020366810861,-0.10814440506484672,-0.18081116145927198,0.04756089102313564,-0.21907535129373273,-0.19310561666629064,-0.07337033922638664
97,2018-06-27,-0.13831122976680638,-0.058253714819423916,-0.15768403857734672,-0.16929094869379271,-0.10814440506484672,-0.18622066014748548,-0.07045876008014257,-0.20359835121627864,-0.3021340782204793,0.09061129924168879
98,2018-06-28,-0.14110034540782024,-0.06170589146079439,-0.1508730799765668,-0.12739860863530286,-0.10814440506484672,-0.16081148407444568,0.03806145819695645,-0.16306578909743635,-0.279668491732877,0.12392751620129008
99,2018-06-29,-0.12580945563075588,-0.06986890330008594,-0.10367483582329395,-0.11393415069634928,-0.10814440506484672,-0.15006196588638582,0.044692805973704786,-0.17452222659872324,-0.2724994890660939,0.12264986632433497
100,2018-07-02,-0.17294578134944005,-0.13134409184509002,-0.102826485974692,-0.13044002507811236,-0.10814440506484672,-0.15982278708255238,0.08031123188114954,-0.2024944586658523,-0.28033408728372494,0.10560965231676518
101,2018-07-03,-0.1609780484376978,-0.12660641180622972,-0.06669955075962955,-0.1214908643552031,-0.10814440506484672,-0.149530479093443,0.06068847295963493,-0.2072408015698981,-0.26090481915186264,0.08041456020834258
102,2018-07-04,-0.1797334916174315,-0.14840612910493003,-0.086461310569063,-0.12415551544192466,-0.10814440506484672,-0.17981146122596509,-0.0011724732909138974,-0.19049468330357175,-0.28149356946603865,0.04758717218829537
103,2018-07-05,-0.17139171785452567,-0.14422432551636072,-0.07967909710245993,-0.13939972269066514,-0.10814440506484672,-0.19090173219742557,-0.031100219878130435,-0.23191913084826213,-0.2917983775954326,-0.03945621091303632
104,2018-07-06,-0.1615882635042163,-0.1393091240744349,-0.07048491200277983,-0.1327647403399308,-0.10814440506484672,-0.18637479101362903,-0.0016960010669468464,-0.20830439712883642,-0.29267763497352606,-0.06800519417084934
105,2018-07-09,-0.11791760486548773,-0.10399579449026215,-0.07284110177180728,-0.1114080023228463,-0.10814440506484672,-0.14309276358931586,0.04319737238240846,-0.17956802163774924,-0.26320343098542287,-0.054669808446926746
106,2018-07-10,-0.10528029665194974,-0.08419508768851144,-0.06430779646275558,-0.09328194279868161,-0.10814440506484672,-0.13039617659839134,0.08386160311844455,-0.16809008164968428,-0.25348114072625005,-0.07237598950037925
107,2018-07-11,-0.1264862331369397,-0.12266293819728542,-0.05961930987846617,-0.12090006792858975,-0.10814440506484672,-0.15987429527737435,0.0717947379734729,-0.20033897968532854,-0.27296724540030487,-0.11508235572385087
108,2018-07-12,-0.12363602437031931,-0.10140190768363001,-0.04108045625255992,-0.07746396420550791,-0.10814440506484672,-0.12459673200065653,0.19159786502413506,-0.16926589806395537,-0.23797094881018485,-0.09676911710920948
109,2018-07-13,-0.12896609786920013,-0.10826961896216211,-0.047317866694546726,-0.06529806155056761,-0.10814440506484672,-0.11109410432084803,0.20102678383058004,-0.18197018795933906,-0.23819844451577651,-0.11366069411247087
110,2018-07-16,-0.12761281511791298,-0.1172064729874924,-0.044676124950283606,-0.04056422145943584,-0.10814440506484672,-0.07354738313641238,0.1444427127861477,-0.17366735703358718,-0.21118052344884536,-0.14017974445284362
111,2018-07-17,-0.09894218365510096,-0.10865234944753904,-0.034672416354589286,0.055978590449112436,-0.10814440506484672,0.06899712446988006,0.20846853702875165,-0.10940803419228916,-0.1094571819322022,-0.05545273616297783
112,2018-07-18,-0.11457800605647984,-0.1242623804641246,-0.04644321295183854,0.07053380406076684,-0.10814440506484672,0.059662942441512885,0.1431957383050912,-0.10796705902845849,-0.12013805057680486,-0.1119708596784693
113,2018-07-19,-0.10675992655650507,-0.12293882880673805,-0.04350148220793752,0.03737133351739852,-0.10814440506484672,0.05449958835072299,0.09986330553843964,-0.03476437218247591,-0.14093012043627873,-0.14542991499858457
114,2018-07-20,-0.052291150904211825,-0.09448195617365149,-0.049996549349437855,0.02792052998123648,-0.10814440506484672,0.04328548411313068,0.13314021598581655,-0.037300906640027706,-0.1317963724976426,-0.15434537231835202
115,2018-07-23,0.012964257924118698,-0.01423448050149978,-0.022408096390453255,0.030744593800654797,-0.10814440506484672,0.055036688535157634,0.14906049529465315,-0.0211982502813248,-0.12077362478625912,-0.11118699634913864
116,2018-07-24,0.005626723153502231,0.0035320929980793836,-0.005606330852123077,0.07240486447399361,-0.10814440506484672,0.06105166883725604,0.13042821158382184,-0.009464530319334141,-0.09850288972175567,-0.060864051273172466
117,2018-07-25,0.0425024969842341,0.03577602570575143,-0.010328382962514954,0.036490001807790357,-0.10814440506484672,0.06582376021714754,0.1782838838958386,-0.018970031345051132,0.07213706365093014,-0.11679354931343608
118,2018-07-26,0.0424837665949672,0.05459140073948165,-0.028963121623320386,0.07529819725451181,-0.10814440506484672,0.0811485228596883,0.13179341389878668,-0.011744664245503862,0.07933745307733017,-0.13154397475002358
119,2018-07-27,0.011009460580069205,-0.0033385868000348276,-0.05395545338240061,0.04797543546592528,-0.10814440506484672,0.03585859577786363,0.16394174805993597,0.0875518250039388,0.04876652784037669,-0.10950488711229475
120,2018-07-30,0.08269000245419617,0.06220151716537435,-0.03395923429528473,0.05742727516256588,-0.10814440506484672,0.03651524094028249,0.24075249075468083,0.1406718615601575,0.05067963143764579,-0.06899269617776103
121,2018-07-31,0.09340674497443359,0.04857123375138039,-0.04758243140712038,0.043540163521431176,-0.10814440506484672,0.0304123606331931,0.20081918983921374,0.08990403060181146,0.03861478118867775,-0.07388250084661503
122,2018-08-01,0.08098434940107987,0.04216937128288163,-0.018841944510577045,0.016200058933725628,-0.10814440506484672,0.03352088909277511,0.17399653495638612,0.07466131081384911,0.050363360979940465,-0.1584073899657428
123,2018-08-02,0.037027597583490904,0.015974743918358875,-0.021394624748448565,0.006955254716011092,-0.10814440506484672,0.01168750294162652,0.15898568699335383,0.11364476790684175,0.043411244799046185,-0.15225015320135038
124,2018-08-03,0.014972311210977895,0.00989219221155807,0.006884182909638801,-0.006206260648012295,-0.10814440506484672,-0.003249345865103962,0.1449208065671693,0.07570977453339688,0.061792962770263166,-0.14065563242185797
125,2018-08-06,-0.02212767976472135,-0.03038296743974872,0.05391610028137832,-0.04366813263975879,-0.10814440506484672,-0.05087299869671717,0.11314341805844658,0.007944865364027848,0.009804278420373397,-0.20400814225610908
126,2018-08-07,0.0025603736935613727,0.002273987579714268,0.08473984691988959,-0.016425398437543627,-0.10814440506484672,-0.02913025816966933,0.10859758241047748,0.009410343234152857,0.03344056851231667,-0.19450837586121236
127,2018-08-08,0.015367473448982764,-0.010574332303920367,0.07291520561956163,0.02488143399525184,-0.10814440506484672,-0.016927951930609083,0.1230026014752004,0.011275896802577049,0.05537394371307197,-0.18302899812896126
128,2018-08-09,0.047654190149723885,0.011186850803450485,0.07291520561956163,0.015102075931661164,-0.10814440506484672,-0.01675170486772081,0.0262140280502714,0.00998396901789739,0.0399889525297556,-0.17106824709577545
129,2018-08-10,0.044296238483016656,0.026511982674673036,-0.04406257789289102,0.0051458756193481225,-0.28364683336536206,-0.016675723908768605,0.0030200340432882423,0.09584782630026686,0.026673032095912947,-0.1265116481411981
130,2018-08-13,0.04011644531747106,0.021982719756926644,-0.032064900165111425,-0.00548239896719175,-0.29250819830228697,-0.03427633094584186,0.034777033343952386,0.08257998595885502,0.022553115975620888,-0.16749592598321295
131,2018-08-14,0.03966252735138425,0.017676118976648905,-0.013131151113555206,0.018529927995185075,-0.28598678425021395,-0.07270851778952042,0.04565955483224515,0.1302509035228933,0.05829939205053942,-0.1248986271143822
132,2018-08-15,0.021658662566426352,0.01624574734203621,-0.015249430882917487,-0.09891530145611271,-0.2888322801641965,-0.0827061728712771,-0.0043994760258761045,0.12363842766165899,0.043896502575423824,-0.14095522043721817
133,2018-08-16,0.027709017316256378,0.0248472045004055,0.023481023071952597,-0.07402940972678834,-0.31603940461212593,-0.061271954055323596,0.0302068700626303,0.12369855460734133,0.03097977458748337,-0.14900705879011977
134,2018-08-17,-0.05753618392253723,-0.02452142624695506,0.036276052089511526,-0.07999876572210837,-0.3494300506574364,-0.09448130752171155,0.00033285949911497246,0.06950038467083973,0.00019956948201271026,-0.18220469767133038
135,2018-08-20,-0.07609944399521476,-0.04624969160011331,0.02821915583247552,-0.07499977388169299,-0.34689230450614106,-0.08889786821555809,-0.010253279125051582,0.04548318528089607,-0.011484018072475366,-0.18077425346133225
136,2018-08-21,-0.055553085279221086,-0.030264351217553775,0.0008922397505146768,-0.11738958383324093,-0.35986496452928585,-0.09670903657256326,0.007469059449933158,0.06848134557425761,-0.03457584845519469,-0.18858385603219313
137,2018-08-22,-0.057614524313025016,-0.02112419779908437,-0.016859442675930845,-0.09413059693290818,-0.36006294163542635,-0.0961192066611807,0.024219376602280546,0.0714088383735586,-0.06993317332098778,-0.19451700619978304
138,2018-08-23,-0.024059145174880836,-0.03449305933298905,-0.02059847161308976,-0.09292980105342885,-0.35396270607890107,-0.09740688042896592,0.0479401650286192,0.08411663774114267,-0.06723890435869392,-0.183510134032773
139,2018-08-24,0.03782934695515057,-0.012427504794277235,-0.018421095551633813,-0.08997398149527835,-0.32977143788020913,-0.08967560641008827,0.018823454273817698,0.0016251785536838953,-0.060940407607020006,-0.2159788494349174
140,2018-08-27,0.09625916200554231,0.012275820283577845,-0.022839250057466932,-0.05876349648445773,-0.3186832197527252,-0.053848186910425345,-0.058392039719374414,0.005252663897150013,-0.044677506785531285,-0.18891218937719725
141,2018-08-28,0.06446679110929271,0.0010645676946434424,-0.01950604959827134,-0.03635307189559353,-0.3219392471373235,-0.06425117827843205,-0.04785188933308883,0.053197775870234366,-0.047598114026889723,-0.17690401389573446
142,2018-08-29,0.0894646966418312,-0.001040855070362584,-0.023420793886260616,-0.01827134148634164,-0.29429241117527716,-0.05138389699970244,-0.014859395875437347,-0.003871511810142801,-0.04671792177441972,-0.1645196618686957
143,2018-08-30,0.10397759419898775,0.007093592030429113,-0.055703596311861905,-0.010025224761285435,-0.3112689121035515,-0.030650430558584935,-0.004038631718305666,0.009812500310817068,-0.03816614566557277,-0.07278339409693108
144,2018-08-31,0.10595680320138023,0.017143775629413466,-0.0591652879529133,-0.01912785962657365,-0.3034990174431771,-0.01856997283451919,-0.004688943588520195,0.039444360363994076,-0.04339704037922959,-0.09057822485448683
145,2018-09-03,0.10360672907393448,-0.002331028678033087,-0.1053383436602712,0.013930457691792051,-0.245539388601711,-0.0035469453184484422,0.008346589594211813,0.12266401892665078,0.010018649959258438,-0.02946645151422726
146,2018-09-04,0.11954766989073198,-0.0015349426212681871,-0.1392934152151954,-0.007904860059174672,-0.2570090230110265,-0.02053474690586112,0.10331191971847523,0.10411568756122865,-0.039074121440772436,-0.03989048428600892
147,2018-09-05,0.09303350216708908,0.006964568303979138,-0.17416124780426362,-0.015391784677982277,-0.23381326019003484,-0.028194887249582433,0.03635956721514983,0.07269383877374311,-0.04900751281724287,-0.01988880882174329
148,2018-09-06,0.05321740555830172,-0.03897338829759222,-0.16852389420939826,-0.026495269434112886,-0.10199765556323914,-0.05427385994646163,0.03994804625433614,0.05520247111556781,-0.0638709635948496,-0.06396954140797506
149,2018-09-07,0.062182349384052836,-0.0499696203086029,-0.08768126817986782,-0.030175209497628492,0.18100393950329227,-0.05298244850333173,0.0841311548648342,-0.01860516545538971,-0.05014307200851764,-0.11769636473032
150,2018-09-10,0.061863474385153175,-0.0415715249114657,-0.12802310490460722,-0.020463117612359166,0.18439360773745514,-0.07369209683446067,0.11400710132712928,-0.019429619653606775,-0.05783326259921141,-0.12741954689554727
151,2018-09-11,0.06862020934497137,-0.02486566487134924,-0.13611913828250802,-0.06688370739894013,0.16935402744244418,-0.06773015606248611,0.10335916351496019,-0.041080295023964264,-0.07848907992055469,-0.15154256696755067
152,2018-09-12,0.09618858011082529,-0.014867811912448618,-0.12268310637865258,-0.03503072547489945,0.20571562888037512,-0.04575052502261557,0.10393088272846977,-0.053253201142112634,-0.06630713679703581,-0.12931552606159963
153,2018-09-13,0.11167288443669811,-0.00011192174306054806,-0.15356524446948402,-0.01910570967694035,0.2142029445150066,-0.02892251257496297,0.09272044639136576,-0.02235719025123548,-0.023922563633704017,-0.09388099777740902
154,2018-09-14,0.10231797735180498,0.015004944597195875,-0.15549553819379264,-0.016442866088315026,0.23809856648637207,-0.0005159165449462183,0.12258615677318141,0.029158167649028514,-0.018957466717066395,-0.049742983902146244
155,2018-09-17,0.0671029901945666,-0.01792578113266672,-0.17084085437499721,-0.027636584311288837,0.23346516992402533,-0.027805239026597872,0.05868921843680888,0.0012492601516652865,0.009328637528165741,-0.03788583498634699
156,2018-09-18,0.08526638538578411,-0.02973143927464106,-0.15636288688791244,-0.025340772085060023,0.25248649040589927,-0.02686923633656399,0.0846887179156964,-0.004763588309511702,0.004459375578510389,-0.027155869702890138
157,2018-09-19,0.1004720541967092,-0.017608281685580318,-0.15420459966531816,0.00143555371272433,0.25780363687809127,-0.00390811655719025,0.0798574249640578,0.031704129803385585,0.024446092151664354,0.02716033232283431
158,2018-09-20,0.09053304779916954,0.016495217560196854,-0.1291013478733161,-0.006665015858159155,0.2545118124648138,0.004370174054313023,0.07746965605596703,0.048454083006838566,0.018234442503103705,-0.0065696641819504055
159,2018-09-21,0.07243997732757367,0.09803616594963505,-0.11898306529556407,0.003401070919951503,0.21000412195087947,0.015176888716871374,0.07618440325177085,-0.02048114193752494,0.03171061856580156,-0.014704678435261038
160,2018-09-25,-0.017668975479613554,0.029814370790487443,-0.12350196821484971,-0.04066535005414197,0.19199960541678968,0.013101231360974923,0.0483528443480738,-0.0745237955001348,0.014175100125081335,-0.07212547647234603
161,2018-09-26,-0.00042068562289585,0.024287995538781713,-0.12451943736934619,-0.04859392822013713,0.20040497571143515,-0.002406428481969342,0.056125008734567675,-0.08019793801466486,0.01847663929469752,-0.07174485170175304
162,2018-09-27,0.015925092223596768,0.02045470103020914,-0.1284789853931163,-0.07258033373506798,0.15625877891662596,-0.020091478039647136,0.03301095681308225,-0.05728212502638905,-0.001138902914602051,-0.06364041521145382
163,2018-09-28,0.04879443732427767,0.02746631959650888,-0.11627043885186736,-0.0564038282562848,0.16169465874937217,0.0013161473161853844,0.051722965617139176,-0.02416884981785348,0.021256249337489725,-0.03278218557159069
164,2018-10-08,-0.006195835145780204,-0.06462598675142278,-0.11627043885186736,-0.07177240820611701,0.17233173911435412,-0.029568856260457466,0.033169884741612254,-0.07865060762979184,-0.00014011965456743776,-0.06426197423883888
165,2018-10-09,-0.002651612251042358,-0.027627877998199622,-0.11627043885186736,-0.08138009828466768,0.08919537517217287,-0.016841097712239655,0.04751907282444313,-0.08792184871449965,-0.02620718970436585,-0.04607682152524422
166,2018-10-10,-0.05163606917336173,-0.06607886275654164,-0.11627043885186736,-0.0710128481919252,0.07998561983333027,-0.02958584723395876,-0.05118808684283439,-0.10907315736876835,-0.016201091239307117,-0.05586861402199204
167,2018-10-11,-0.08183157581519765,-0.09557307364595646,-0.11627043885186736,-0.15804911338871022,-0.012288531368307362,-0.1106888293757922,-0.05575109165518143,-0.15156938678529805,-0.10735048235296019,-0.12015274287561854
168,2018-10-12,-0.034422428480583946,-0.05057112100884584,-0.11627043885186736,-0.1406416997471261,-0.0924197788295484,-0.13618798582317124,-0.08163736669690497,-0.1881926974732003,-0.12318571601852563,-0.13339928601618362
169,2018-10-15,-0.054746454980648715,-0.04870402287876186,-0.11627043885186736,-0.16355948503149748,-0.1385303754401656,-0.1771458784945102,-0.17246265439481695,-0.2167659899140637,-0.14602072846196393,-0.13838095960093505
170,2018-10-16,-0.016889157608234402,-0.08764191437305864,-0.11627043885186736,-0.17689998950078986,-0.19265628422452563,-0.19860319339652188,-0.16771849444773457,-0.24757933276600086,-0.15489018523892867,-0.13888755522853288
171,2018-10-17,-0.026136190626644372,-0.08508885554464005,-0.11627043885186736,-0.15074919989209068,-0.1446592226757259,-0.17647795986270012,-0.16554810606429027,-0.2744426230041999,-0.1321145205952585,-0.12937151279898276
172,2018-10-18,-0.04976097696693684,-0.09978307437576239,-0.11627043885186736,-0.16116577281993613,-0.1750832005836263,-0.20087168044955026,-0.14910097652827897,-0.2501777247449837,-0.15181635462994483,-0.11552802546726444
173,2018-10-19,0.015406299578775595,-0.08024573811259125,-0.11627043885186736,-0.11992229348422913,-0.10808564447391106,-0.18299514179796622,-0.14096917838280473,-0.23541581246058818,-0.1291327635718489,-0.09868879228504292
174,2018-10-22,0.06707933299250315,-0.05130401341373745,-0.11627043885186736,-0.026017352193580572,-0.0788323478560301,-0.1395846119169861,-0.11970647136378598,-0.20423633101718702,-0.09806771189154675,-0.0647525940248653
175,2018-10-23,0.06077008654459265,-0.05917152237332585,-0.11627043885186736,-0.05092331843111495,-0.0737774382449379,-0.13187558227066043,-0.09004733159384586,-0.19171923679921013,-0.1505015797175385,-0.09830860016990844
176,2018-10-24,0.03132272444613289,-0.07029119023291641,-0.11627043885186736,-0.045029259128235494,-0.0912320785717065,-0.1361599522135323,-0.1035981281110823,-0.21198436365400983,-0.14605023228594946,-0.1299917971002407
177,2018-10-25,0.03623690724507374,-0.08014572828486781,-0.11627043885186736,-0.1000900754521489,-0.07380646439420666,-0.14648286787882117,-0.12235493189144817,-0.2706524975924805,-0.1518346124228535,-0.1840570299961357
178,2018-10-26,0.03949740623585686,-0.0737374703298829,-0.11627043885186736,-0.10805995815579066,-0.05719553876242885,-0.1424458339018404,-0.10340729316512359,-0.28442093146928443,-0.1369448771512388,-0.15628202502027386
179,2018-10-29,-0.0274166164557192,-0.15992402420182883,-0.11627043885186736,-0.12296644823992943,-0.06448355577121714,-0.15891748955718923,-0.12000982072670952,-0.2873528594215588,-0.1420089871337659,-0.18080277516886917
180,2018-10-30,-0.004213436363571209,-0.09118131624047465,-0.10692396244219202,-0.11056910668739207,-0.04291815209253744,-0.1684478676207077,-0.09350255368620379,-0.25548250369676284,-0.14231687496476994,-0.15309464798178776
181,2018-10-31,-0.005015059760343849,-0.04710402768205226,-0.10874013706529455,-0.09241628722379268,-0.00814705411941298,-0.1493536031126568,-0.09263905330477779,-0.23858723789502323,-0.12800518168401107,-0.1373700000044812
182,2018-11-01,-0.004208084896676926,-0.012004614216187863,-0.10548162103301668,-0.07862534317629322,0.02476059417078847,-0.1275283665742594,-0.08211310181816955,-0.23678152882736495,-0.11133302233468831,-0.11182298843316361
183,2018-11-02,0.017833721344531758,0.03580046356364727,-0.07627951401702344,-0.05112965531846666,0.015544104338236572,-0.11285828037052936,-0.06134871820360173,-0.2283029106263037,-0.10195896966821588,-0.11642656138873508
184,2018-11-05,0.05829735198146914,0.12104566738838851,-0.02413007286850988,-0.0065890334970344685,0.04754273416470163,-0.053553760312177116,-0.051667074721463,-0.18155208237402434,-0.07621147177464918,-0.06010211473686338
185,2018-11-06,0.054921235320565746,0.12710175112850164,-0.029228290773950272,-0.0009835311917702119,0.025523670646504668,-0.027857310752741407,-0.0733071772498667,-0.17503616159219265,-0.07586524988619794,-0.06480628070971928
186,2018-11-07,0.06045689972905213,0.09845063935702522,0.002077995268972172,-0.012929225749169035,0.025523670646504668,-0.050278590216594636,-0.07002054805973806,-0.18502629636462264,-0.08186194018870269,-0.07938133485740245
187,2018-11-08,0.14204692810473568,0.15677113284707317,0.025675594998149344,0.11883934767994926,0.025523670646504668,0.04913158675191294,-0.03991318503539306,-0.08475066137533246,0.017856031193895894,0.011674091998525302
188,2018-11-09,0.08287884413253527,0.10381730949272501,0.016165262226621322,0.11340119780766414,0.025523670646504668,0.08451205437618188,-0.03585624773902375,-0.07747795929310042,0.03247786480998689,0.0340673033621142
189,2018-11-12,0.1024823191743584,0.11396983194533464,0.04983158626472437,0.1891712911400594,0.025523670646504668,0.1703835540069016,0.03930718614987433,-0.036693859302821846,0.1061055394225324,0.06142236892033449
190,2018-11-13,0.09279881926939865,0.1542531107043722,0.08319409062757238,0.2300115667722822,-0.005127492500341601,0.2575438759498677,0.059055259484938734,0.04686766043077947,0.15185943490709128,0.12687447359009274
191,2018-11-14,0.1109219013560714,0.1702589741752003,0.09963090393012047,0.18906152515260077,0.03638766324389264,0.2198635506137767,0.07556925189645688,0.0500865320162277,0.10503501257995752,0.08818238598031855
192,2018-11-15,0.15073313358507212,0.19917238906771534,0.09392209217457315,0.21549531331145733,0.080772286833589,0.3722869365137375,0.11573046963502572,0.061229431381602126,0.15177670364566592,0.11771536586459859
193,2018-11-16,0.06482915849842938,0.18786269835839145,0.1142705482005367,0.20218394318349497,0.1132753774711199,0.4613759246739631,0.1532558100926137,0.07275609855966889,0.11202490199349467,0.09121189699973627
194,2018-11-19,0.04111688915137085,0.1471355461545262,0.09285595342388211,0.09164294454809752,0.18239662333308865,0.34847328908991393,0.12502941200947876,0.1292435922262049,0.09987294240397364,0.07160294093848558
195,2018-11-20,0.04001542172954686,0.16380409705860602,0.051621306447731136,0.08998451505260881,0.08454865088880137,0.29853192367652376,0.1013654299497971,0.05825720613637811,0.061122057043990846,0.022883082725471602
196,2018-11-21,0.040184871992019186,0.16996005587742186,0.06839797506983589,0.0884332581713051,0.13822141767391796,0.2857744081086446,0.10373986647281827,0.1113745330221444,0.06303817862814737,0.06982889031371495
197,2018-11-22,0.021120596874136283,0.14817421765886152,0.08566930194514419,0.1120580729093941,0.06458021076591787,0.29362162802221287,0.08612974940246099,0.1270894829140345,0.057719896143497845,0.07441458342677715
198,2018-11-23,-0.019112241755873643,0.11489191857256414,0.05699726186510484,0.06079782781476105,0.0006282817446427776,0.18241741942762227,0.0685127985595548,0.041216052316071485,-0.007378690064462226,0.004192516829933549
199,2018-11-26,0.0031444027675400707,0.1443980203497737,0.05003377008347799,0.08441700796089156,-0.01471785196777433,0.20574129723896672,0.1062161776198329,0.06531740835886253,-0.01718384653129637,0.024127867181349245
200,2018-11-27,-0.019131102087701322,0.10480795845717344,0.11704123478055808,0.0766068937703941,-0.011129684366056847,0.23051495236022937,0.10180025943780133,0.07026647160376534,0.007040352946839662,0.023845318202435815
201,2018-11-28,-0.02342696807102527,0.09816096852074578,0.09765436858007544,0.06913047327456329,-0.018325000902230406,0.21172999990052424,0.15523444340886264,0.0608448175620508,-0.002322176101187713,0.027035517923947913
202,2018-11-29,-0.027053568067562456,0.05297699762686478,0.06667836000327407,0.08036952068269956,-0.07209186605810065,0.15828561983177963,0.10368690112483926,0.03432325324622508,-0.022934491850819173,0.0009247496259710292
203,2018-11-30,-0.048206863292410265,0.03225286539095439,0.03737319619856869,0.0736821422772091,-0.06712685899870147,0.15229990734201476,0.03557671422086706,0.02969826992104338,-0.04202356517740959,-0.013870644049664704
204,2018-12-03,-0.01932144672213168,0.08615785682599822,0.03422896113598371,0.08185429501142863,-0.04233945538997574,0.14269898220317284,0.04027722961476837,0.0591394179707627,-0.013784400766911942,0.018222799616895533
205,2018-12-04,-0.021149184856409646,0.06077077494532894,0.043058051782695034,0.07185298801724078,-0.07049629194352852,0.13587573969626623,0.028092673077407045,0.0513555571238558,-0.014929229612478157,0.019078764355160246
206,2018-12-05,-0.0257367504718218,0.07244440535993109,0.0442187357966503,0.05560956125511381,-0.07579079612234846,0.14174600634737874,0.013286665410803714,0.0812141079186709,-0.020696843070429533,0.03107396056113739
207,2018-12-06,-0.04149183478950643,0.05827177798174847,0.03339983362926624,0.023669678086592184,-0.0942760342022666,0.10923541837242397,0.015779133041523515,0.09569463509195078,-0.0388669022359804,0.04173836004742555
208,2018-12-07,-0.02964387923636915,0.06650908886036024,0.01083718906655217,0.023456359468661685,-0.12436910650768455,0.1116125024272114,-0.02428466423252927,0.10910444814949352,-0.019445508756201893,0.10108212654140593
209,2018-12-10,-0.04290719136963523,0.03758214578204852,-0.031145699732202124,-0.051912853593274876,-0.10392557088573559,0.05394168080028616,-0.04589411349076962,0.0684996990104441,-0.06776133520201667,0.03318070708516506
210,2018-12-11,-0.034945067821075246,0.06725222516004263,-0.010756361392838495,-0.05503588041557565,-0.06976996746389472,0.030106937997463806,-0.10175122535662226,0.0950603390372839,-0.09099088060060138,0.037774989467686454
211,2018-12-12,-0.0241854933958741,0.07042921948760136,-0.028601728595698716,-0.044959558775696275,-0.051942665145550654,0.04124896365600073,-0.11236205805521135,0.1153700693907046,-0.0752106336966363,0.042614167415191855
212,2018-12-13,-0.037728700979029625,0.09064710967280881,0.004174305248241182,-0.04367691595024768,-0.02424901210531743,-0.039854912756061046,-0.10457685007642303,0.08859394888161715,-0.07876790702065442,0.008079883417856794
213,2018-12-14,-0.05267177530084453,0.04459536655329537,0.05873297373008065,-0.06817827216460837,-0.05394411803646139,-0.16238497933204768,-0.1856935786664929,0.016840303450462828,-0.10789169125092518,-0.021377085721697407
214,2018-12-17,-0.04960836613623837,0.04187563448604306,0.021438206610741188,-0.08417706376128194,-0.041805355394921556,-0.1337447939197722,-0.17954178052665554,-0.06472646232169568,-0.12585897190207554,-0.03332445596472489
215,2018-12-18,-0.061012654141490597,0.025488253544208694,0.008247925868083593,-0.07671345294582269,-0.024410546639100222,-0.08900082784260432,-0.1541318952758168,-0.03258892965584429,-0.07029993579964437,-0.010367775770093107
216,2018-12-19,-0.07996091379649112,0.013414901497729854,-0.022697401507986263,-0.09017812552272018,-0.0814285206965777,-0.10931681902019408,-0.16831470921441408,-0.0958454425804283,-0.07514989856514774,-0.04906142453854535
217,2018-12-20,-0.10137539585391597,0.027713782894467423,-0.037418255199424016,-0.08577800972581934,-0.08140566310312769,-0.10713858732369277,-0.16453834193221326,-0.07876530103693294,-0.06878473136458998,-0.02540411794841926
218,2018-12-21,-0.06355479187009869,0.041253372912282545,-0.01793172143951353,-0.05889718791773113,-0.054870902613902796,-0.061612544611213925,-0.17568427474961468,-0.029171342038409986,-0.03867321568647502,0.03891895896878683
219,2018-12-24,-0.05185805330693036,0.030579381624006287,-0.0018600918257036152,-0.052449627877300384,-0.012906752944813044,-0.04921216615783643,-0.20015178992107913,-0.019710164619337667,-0.0364540560997961,0.03632850209207223
220,2018-12-25,-0.04518011326995042,0.0030288163793834103,-0.05474979541261371,-0.07245722686194389,-0.015762977119073256,-0.10443908206759157,-0.19529239433595397,-0.05613878921074136,-0.07977377428405115,0.009670068754680702
221,2018-12-26,-0.052767197061851484,-0.033024736116228755,-0.03027476265944168,-0.0939659241072684,-0.020972684322242426,-0.0889635302840316,-0.2564151718029293,-0.06409722618643851,-0.10011494543263771,-0.0004718666215335239
222,2018-12-27,-0.05497195322995161,-0.04228657738592932,-0.015325086400688352,-0.12477734693356252,-0.004899257845829133,-0.08829315349527218,-0.2565096530994248,-0.07380267318670078,-0.09945419414251969,-0.018070303639326022
223,2018-12-28,-0.06854971143600162,-0.04583859886500609,-0.0059232836007816645,-0.13274219228653755,0.006054049067611721,-0.09748156240052348,-0.24649687525015843,-0.08586082454214636,-0.07389419655092581,-0.010414437924169552
